Source ID,Source Organization,Scheme,Document Type,Information Covered,Source Title,URL,Date Checked,Approved?,Notes
S01,HDFC Mutual Fund,HDFC Flexi Cap Fund,Scheme Page,"Objective, benchmark, riskometer, exit load, scheme details",HDFC Flexi Cap Fund Official Scheme Page,https://www.hdfcfund.com/explore/mutual-funds/hdfc-flexi-cap-fund/direct,25-09-2026,Yes,Official HDFC Mutual Fund source
S02,HDFC Mutual Fund,HDFC Large Cap Fund,Scheme Page,"Objective, benchmark, riskometer, exit load, scheme details",HDFC Large Cap Fund Official Scheme Page,https://www.hdfcfund.com/explore/mutual-funds/hdfc-large-cap-fund/regular,25-09-2026,Yes,Official HDFC Mutual Fund source
S03,HDFC Mutual Fund,HDFC ELSS - Tax Saver Fund,Scheme Page,"Lock-in, benchmark, riskometer, exit load, scheme details",HDFC ELSS - Tax Saver Fund Official Scheme Page,https://www.hdfcfund.com/explore/mutual-funds/hdfc-elss-tax-saver-fund/direct,25-09-2026,Yes,Official HDFC Mutual Fund source
S04,HDFC Mutual Fund,HDFC Flexi Cap Fund,KIM,"Minimum SIP, exit load, benchmark, riskometer, scheme details",HDFC Flexi Cap Fund - Key Information Memorandum,https://www.hdfcfund.com/mutual-funds/fund-documents/kim,25-09-2026,Yes,Official HDFC Mutual Fund KIM page; select HDFC Flexi Cap Fund
S05,HDFC Mutual Fund,HDFC Large Cap Fund,KIM,"Minimum SIP, exit load, benchmark, riskometer, scheme details",HDFC Large Cap Fund - Key Information Memorandum,https://files.hdfcfund.com/s3fs-public/KIM/2025-11/KIM%20-%20HDFC%20Large%20Cap%20Fund%20dated%20November%2021%2C%202025_0.pdf,25-09-2026,Yes,Official HDFC Mutual Fund KIM PDF
S06,HDFC Mutual Fund,HDFC ELSS - Tax Saver Fund,KIM,"Lock-in, minimum investment, scheme objective, benchmark, riskometer",HDFC ELSS - Tax Saver Fund - Key Information Memorandum,https://www.hdfcfund.com/mutual-funds/fund-documents/kim,25-09-2026,Yes,Official HDFC Mutual Fund KIM page; select HDFC ELSS Tax Saver
S07,HDFC Mutual Fund,HDFC Flexi Cap Fund,SID,"Investment objective, benchmark, load structure, minimum investment, scheme rules",HDFC Flexi Cap Fund - Scheme Information Document,"https://files.hdfcfund.com/s3fs-public/SID/2025-11/SID%20-%20HDFC%20Flexi%20Cap%20Fund%20dated%20November%2021,%202025_0.pdf",25-09-2026,Yes,Official HDFC Mutual Fund SID
S08,HDFC Mutual Fund,HDFC Large Cap Fund,SID,"Investment objective, benchmark, load structure, minimum investment, scheme rules",HDFC Large Cap Fund - Scheme Information Document,"https://files.hdfcfund.com/s3fs-public/SID/2025-11/SID%20-%20HDFC%20Large%20Cap%20Fund%20dated%20November%2021,%202025_0.pdf",25-09-2026,Yes,Official HDFC Mutual Fund SID
S09,HDFC Mutual Fund,HDFC ELSS - Tax Saver Fund,SID,"Investment objective, lock-in, benchmark, minimum investment, scheme rules",HDFC ELSS - Tax Saver Fund - Scheme Information Document,"https://files.hdfcfund.com/s3fs-public/SID/2025-11/SID%20-%20HDFC%20ELSS%20Tax%20Saver%20dated%20November%2021,%202025.pdf",25-09-2026,Yes,Official HDFC Mutual Fund SID
S10,HDFC Mutual Fund,HDFC Flexi Cap Fund,Fund Facts,"Investment objective, AUM, benchmark, risk information, portfolio and fund facts",HDFC Flexi Cap Fund - Fund Facts August 2026,https://files.hdfcfund.com/s3fs-public/Others/2026-09/Fund%20Facts%20-%20HDFC%20Flexi%20Cap%20Fund_August%2026.pdf,25-09-2026,Yes,Official HDFC Mutual Fund Fund Facts PDF
S11,HDFC Mutual Fund,HDFC Large Cap Fund,Fund Facts,"Investment objective, benchmark, exit load, risk information, portfolio and fund facts",HDFC Large Cap Fund - Fund Facts August 2026,https://files.hdfcfund.com/s3fs-public/Others/2026-09/Fund%20Facts%20-%20HDFC%20Large%20Cap%20Fund_August%2026.pdf,25-09-2026,Yes,Official HDFC Mutual Fund Fund Facts PDF
S12,HDFC Mutual Fund,HDFC ELSS - Tax Saver Fund,Fund Facts,"Investment objective, lock-in, benchmark, risk information, portfolio and fund facts",HDFC ELSS Tax Saver Fund - Fund Facts July 2026,https://files.hdfcfund.com/s3fs-public/Others/2026-07/Fund%20Facts%20-%20HDFC%20TaxSaver%20Fund_July%2026.pdf,25-09-2026,Yes,Official HDFC Mutual Fund Fund Facts PDF
S13,HDFC Mutual Fund,General,Total Expense Ratio Page,Current expense ratio / TER information for HDFC Mutual Fund schemes,HDFC Mutual Fund - Total Expense Ratio,https://www.hdfcfund.com/statutory-disclosure/total-expense-ratio-of-mutual-fund-schemes/reports,25-09-2026,Yes,Official HDFC Mutual Fund TER source
S14,HDFC Mutual Fund,General,Account Statement Guide,How to access or download a mutual fund account statement,HDFC Mutual Fund - Download Consolidated Account Statement,https://www.hdfcfund.com/services/consolidated-account-statement,25-09-2026,Yes,Official HDFC Mutual Fund statement page
S15,HDFC Mutual Fund,General,Capital Gains Guide,What a capital gain statement is and how investors can obtain one,HDFC Mutual Fund - How to Get a Capital Gain Statement,https://www.hdfcfund.com/learn/blog/how-get-capital-gain-statement-mutual-fund-schemes-india,25-09-2026,Yes,Official HDFC Mutual Fund educational source
S16,AMFI,General,Investor Education,"General mutual fund concepts, SIP, withdrawals, KYC and investor resources",AMFI - Investor Corner,https://www.amfiindia.com/investor,25-09-2026,Yes,Official AMFI investor education source
S17,SEBI,General,Mutual Fund Education,"Mutual fund basics, ELSS, NAV, AMC, direct and regular plans and other concepts",SEBI Investor - Mutual Fund Education,https://investor.sebi.gov.in/securities-howtoinvest.html,25-09-2026,Yes,Official SEBI Investor education source
S18,SEBI,General,Riskometer Education,Meaning and purpose of the mutual fund Riskometer,SEBI Investor - Understanding the Riskometer,https://investor.sebi.gov.in/riskometer.html,25-09-2026,Yes,Official SEBI Investor education source
